{
    "$schema": "http://schema.management.azure.com/schemas/2015-01-01/deploymentTemplate.json#",
    "contentVersion": "1.0.0.0",
    "parameters": {
        "factoryName": {
            "type": "string",
            "metadata": "Data Factory name",
            "defaultValue": "SangeethaTraining2024ADF"
        }
    },
    "variables": {
        "factoryId": "[concat('Microsoft.DataFactory/factories/', parameters('factoryName'))]"
    },
    "resources": [
        {
            "name": "[concat(parameters('factoryName'), '/gm_adls_entire')]",
            "type": "Microsoft.DataFactory/factories/datasets",
            "apiVersion": "2018-06-01",
            "properties": {
                "linkedServiceName": {
                    "referenceName": "adls1_ls",
                    "type": "LinkedServiceReference"
                },
                "annotations": [],
                "type": "DelimitedText",
                "typeProperties": {
                    "location": {
                        "type": "AzureBlobFSLocation",
                        "folderPath": "product",
                        "fileSystem": "landing"
                    },
                    "columnDelimiter": ",",
                    "escapeChar": "\\",
                    "firstRowAsHeader": true,
                    "quoteChar": "\""
                },
                "schema": []
            },
            "dependsOn": []
        },
        {
            "name": "[concat(parameters('factoryName'), '/DS_ADLS_Customer')]",
            "type": "Microsoft.DataFactory/factories/datasets",
            "apiVersion": "2018-06-01",
            "properties": {
                "linkedServiceName": {
                    "referenceName": "adls1_ls",
                    "type": "LinkedServiceReference"
                },
                "annotations": [],
                "type": "DelimitedText",
                "typeProperties": {
                    "location": {
                        "type": "AzureBlobFSLocation",
                        "fileName": "SalesLT.Product.txt",
                        "fileSystem": "landing"
                    },
                    "columnDelimiter": ",",
                    "escapeChar": "\\",
                    "firstRowAsHeader": true,
                    "quoteChar": "\""
                },
                "schema": [
                    {
                        "name": "CustomerID",
                        "type": "String"
                    },
                    {
                        "name": "NameStyle",
                        "type": "String"
                    },
                    {
                        "name": "Title",
                        "type": "String"
                    },
                    {
                        "name": "FirstName",
                        "type": "String"
                    },
                    {
                        "name": "MiddleName",
                        "type": "String"
                    },
                    {
                        "name": "LastName",
                        "type": "String"
                    },
                    {
                        "name": "Suffix",
                        "type": "String"
                    },
                    {
                        "name": "CompanyName",
                        "type": "String"
                    },
                    {
                        "name": "SalesPerson",
                        "type": "String"
                    },
                    {
                        "name": "EmailAddress",
                        "type": "String"
                    },
                    {
                        "name": "Phone",
                        "type": "String"
                    },
                    {
                        "name": "PasswordHash",
                        "type": "String"
                    },
                    {
                        "name": "PasswordSalt",
                        "type": "String"
                    },
                    {
                        "name": "rowguid",
                        "type": "String"
                    },
                    {
                        "name": "ModifiedDate",
                        "type": "String"
                    }
                ]
            },
            "dependsOn": []
        },
        {
            "name": "[concat(parameters('factoryName'), '/scd1_sql_ds')]",
            "type": "Microsoft.DataFactory/factories/datasets",
            "apiVersion": "2018-06-01",
            "properties": {
                "linkedServiceName": {
                    "referenceName": "scd_sql_db_ls",
                    "type": "LinkedServiceReference"
                },
                "annotations": [],
                "type": "AzureSqlTable",
                "schema": [],
                "typeProperties": {
                    "schema": "dbo",
                    "table": "scd_type1"
                }
            },
            "dependsOn": []
        },
        {
            "name": "[concat(parameters('factoryName'), '/scd_type1_ds_adls')]",
            "type": "Microsoft.DataFactory/factories/datasets",
            "apiVersion": "2018-06-01",
            "properties": {
                "linkedServiceName": {
                    "referenceName": "adls_ls1",
                    "type": "LinkedServiceReference"
                },
                "annotations": [],
                "type": "DelimitedText",
                "typeProperties": {
                    "location": {
                        "type": "AzureBlobFSLocation",
                        "fileName": "scd_type1.txt",
                        "folderPath": "SCD",
                        "fileSystem": "landing"
                    },
                    "columnDelimiter": ",",
                    "escapeChar": "\\",
                    "firstRowAsHeader": true,
                    "quoteChar": "\""
                },
                "schema": []
            },
            "dependsOn": []
        },
        {
            "name": "[concat(parameters('factoryName'), '/hwm_sqldb_ds')]",
            "type": "Microsoft.DataFactory/factories/datasets",
            "apiVersion": "2018-06-01",
            "properties": {
                "linkedServiceName": {
                    "referenceName": "sql_db",
                    "type": "LinkedServiceReference"
                },
                "annotations": [],
                "type": "AzureSqlTable",
                "schema": [],
                "typeProperties": {
                    "schema": "dbo",
                    "table": "IncrementalWatermark"
                }
            },
            "dependsOn": []
        },
        {
            "name": "[concat(parameters('factoryName'), '/customer_sql_db_ds')]",
            "type": "Microsoft.DataFactory/factories/datasets",
            "apiVersion": "2018-06-01",
            "properties": {
                "linkedServiceName": {
                    "referenceName": "sql_db",
                    "type": "LinkedServiceReference"
                },
                "annotations": [],
                "type": "AzureSqlTable",
                "schema": [
                    {
                        "name": "CustomerID",
                        "type": "int",
                        "precision": 10
                    },
                    {
                        "name": "NameStyle",
                        "type": "bit"
                    },
                    {
                        "name": "Title",
                        "type": "nvarchar"
                    },
                    {
                        "name": "FirstName",
                        "type": "nvarchar"
                    },
                    {
                        "name": "MiddleName",
                        "type": "nvarchar"
                    },
                    {
                        "name": "LastName",
                        "type": "nvarchar"
                    },
                    {
                        "name": "Suffix",
                        "type": "nvarchar"
                    },
                    {
                        "name": "CompanyName",
                        "type": "nvarchar"
                    },
                    {
                        "name": "SalesPerson",
                        "type": "nvarchar"
                    },
                    {
                        "name": "EmailAddress",
                        "type": "nvarchar"
                    },
                    {
                        "name": "Phone",
                        "type": "nvarchar"
                    },
                    {
                        "name": "PasswordHash",
                        "type": "varchar"
                    },
                    {
                        "name": "PasswordSalt",
                        "type": "varchar"
                    },
                    {
                        "name": "rowguid",
                        "type": "uniqueidentifier"
                    },
                    {
                        "name": "ModifiedDate",
                        "type": "datetime",
                        "precision": 23,
                        "scale": 3
                    }
                ],
                "typeProperties": {
                    "schema": "SalesLT",
                    "table": "Customer"
                }
            },
            "dependsOn": []
        },
        {
            "name": "[concat(parameters('factoryName'), '/scd_type2_table_ds')]",
            "type": "Microsoft.DataFactory/factories/datasets",
            "apiVersion": "2018-06-01",
            "properties": {
                "linkedServiceName": {
                    "referenceName": "sql_db",
                    "type": "LinkedServiceReference"
                },
                "annotations": [],
                "type": "AzureSqlTable",
                "schema": [
                    {
                        "name": "Id",
                        "type": "int",
                        "precision": 10
                    },
                    {
                        "name": "name",
                        "type": "char"
                    },
                    {
                        "name": "city",
                        "type": "char"
                    },
                    {
                        "name": "active_flag",
                        "type": "int",
                        "precision": 10
                    }
                ],
                "typeProperties": {
                    "schema": "dbo",
                    "table": "scd_type2"
                }
            },
            "dependsOn": []
        },
        {
            "name": "[concat(parameters('factoryName'), '/RestResource1')]",
            "type": "Microsoft.DataFactory/factories/datasets",
            "apiVersion": "2018-06-01",
            "properties": {
                "linkedServiceName": {
                    "referenceName": "Rest_ls",
                    "type": "LinkedServiceReference"
                },
                "annotations": [],
                "type": "RestResource",
                "typeProperties": {},
                "schema": []
            },
            "dependsOn": []
        },
        {
            "name": "[concat(parameters('factoryName'), '/RestAPI_DS')]",
            "type": "Microsoft.DataFactory/factories/datasets",
            "apiVersion": "2018-06-01",
            "properties": {
                "linkedServiceName": {
                    "referenceName": "rest_ls_param",
                    "type": "LinkedServiceReference"
                },
                "annotations": [],
                "type": "RestResource",
                "typeProperties": {},
                "schema": []
            },
            "dependsOn": []
        },
        {
            "name": "[concat(parameters('factoryName'), '/rest_ds_param')]",
            "type": "Microsoft.DataFactory/factories/datasets",
            "apiVersion": "2018-06-01",
            "properties": {
                "linkedServiceName": {
                    "referenceName": "rest_ls_param",
                    "type": "LinkedServiceReference"
                },
                "parameters": {
                    "CountryName": {
                        "type": "string"
                    }
                },
                "annotations": [],
                "type": "RestResource",
                "typeProperties": {
                    "relativeUrl": {
                        "value": "@dataset().CountryName",
                        "type": "Expression"
                    }
                },
                "schema": []
            },
            "dependsOn": []
        },
        {
            "name": "[concat(parameters('factoryName'), '/ADLS_DS_gen_new')]",
            "type": "Microsoft.DataFactory/factories/datasets",
            "apiVersion": "2018-06-01",
            "properties": {
                "linkedServiceName": {
                    "referenceName": "adls_ls1",
                    "type": "LinkedServiceReference"
                },
                "parameters": {
                    "folder_path_name": {
                        "type": "string"
                    }
                },
                "annotations": [],
                "type": "DelimitedText",
                "typeProperties": {
                    "location": {
                        "type": "AzureBlobFSLocation",
                        "fileName": "saleslt.customer.txt",
                        "folderPath": "customer",
                        "fileSystem": "landing"
                    },
                    "columnDelimiter": ",",
                    "escapeChar": "\\",
                    "firstRowAsHeader": true,
                    "quoteChar": "\""
                },
                "schema": []
            },
            "dependsOn": []
        },
        {
            "name": "[concat(parameters('factoryName'), '/LogicApp_ADLS_ds')]",
            "type": "Microsoft.DataFactory/factories/datasets",
            "apiVersion": "2018-06-01",
            "properties": {
                "linkedServiceName": {
                    "referenceName": "ls_adls_new",
                    "type": "LinkedServiceReference"
                },
                "parameters": {
                    "folder_path_name": {
                        "type": "string"
                    }
                },
                "annotations": [],
                "type": "DelimitedText",
                "typeProperties": {
                    "location": {
                        "type": "AzureBlobFSLocation",
                        "fileSystem": "landing"
                    },
                    "columnDelimiter": ",",
                    "escapeChar": "\\",
                    "firstRowAsHeader": true,
                    "quoteChar": "\""
                },
                "schema": [
                    {
                        "name": "Job Status",
                        "type": "String"
                    }
                ]
            },
            "dependsOn": []
        },
        {
            "name": "[concat(parameters('factoryName'), '/sql_ds_new')]",
            "type": "Microsoft.DataFactory/factories/datasets",
            "apiVersion": "2018-06-01",
            "properties": {
                "linkedServiceName": {
                    "referenceName": "sql_db",
                    "type": "LinkedServiceReference"
                },
                "annotations": [],
                "type": "AzureSqlTable",
                "schema": [],
                "typeProperties": {
                    "schema": "SalesLT",
                    "table": "Customer"
                }
            },
            "dependsOn": []
        },
        {
            "name": "[concat(parameters('factoryName'), '/scd3_table_ds')]",
            "type": "Microsoft.DataFactory/factories/datasets",
            "apiVersion": "2018-06-01",
            "properties": {
                "linkedServiceName": {
                    "referenceName": "sql_db",
                    "type": "LinkedServiceReference"
                },
                "annotations": [],
                "type": "AzureSqlTable",
                "schema": [
                    {
                        "name": "id",
                        "type": "int",
                        "precision": 10
                    },
                    {
                        "name": "name",
                        "type": "char"
                    },
                    {
                        "name": "prev_city",
                        "type": "char"
                    },
                    {
                        "name": "crnt_city",
                        "type": "char"
                    }
                ],
                "typeProperties": {
                    "schema": "dbo",
                    "table": "scd_type3"
                }
            },
            "dependsOn": []
        },
        {
            "name": "[concat(parameters('factoryName'), '/Rest_API_all_DS')]",
            "type": "Microsoft.DataFactory/factories/datasets",
            "apiVersion": "2018-06-01",
            "properties": {
                "linkedServiceName": {
                    "referenceName": "Rest_ls",
                    "type": "LinkedServiceReference"
                },
                "annotations": [],
                "type": "RestResource",
                "typeProperties": {},
                "schema": []
            },
            "dependsOn": []
        },
        {
            "name": "[concat(parameters('factoryName'), '/Customer_csv_DS')]",
            "type": "Microsoft.DataFactory/factories/datasets",
            "apiVersion": "2018-06-01",
            "properties": {
                "linkedServiceName": {
                    "referenceName": "adls_ls1",
                    "type": "LinkedServiceReference"
                },
                "annotations": [],
                "type": "DelimitedText",
                "typeProperties": {
                    "location": {
                        "type": "AzureBlobFSLocation",
                        "fileName": "SalesLT.Customer.txt",
                        "folderPath": "Assignment5",
                        "fileSystem": "landing"
                    },
                    "columnDelimiter": ",",
                    "escapeChar": "\\",
                    "firstRowAsHeader": true,
                    "quoteChar": "\""
                },
                "schema": []
            },
            "dependsOn": []
        },
        {
            "name": "[concat(parameters('factoryName'), '/customer_sql_ds')]",
            "type": "Microsoft.DataFactory/factories/datasets",
            "apiVersion": "2018-06-01",
            "properties": {
                "linkedServiceName": {
                    "referenceName": "sql_db",
                    "type": "LinkedServiceReference"
                },
                "annotations": [],
                "type": "AzureSqlTable",
                "schema": [
                    {
                        "name": "CustomerID",
                        "type": "int",
                        "precision": 10
                    },
                    {
                        "name": "NameStyle",
                        "type": "bit"
                    },
                    {
                        "name": "Title",
                        "type": "nvarchar"
                    },
                    {
                        "name": "FirstName",
                        "type": "nvarchar"
                    },
                    {
                        "name": "MiddleName",
                        "type": "nvarchar"
                    },
                    {
                        "name": "LastName",
                        "type": "nvarchar"
                    },
                    {
                        "name": "Suffix",
                        "type": "nvarchar"
                    },
                    {
                        "name": "CompanyName",
                        "type": "nvarchar"
                    },
                    {
                        "name": "SalesPerson",
                        "type": "nvarchar"
                    },
                    {
                        "name": "EmailAddress",
                        "type": "nvarchar"
                    },
                    {
                        "name": "Phone",
                        "type": "nvarchar"
                    },
                    {
                        "name": "PasswordHash",
                        "type": "varchar"
                    },
                    {
                        "name": "PasswordSalt",
                        "type": "varchar"
                    },
                    {
                        "name": "rowguid",
                        "type": "uniqueidentifier"
                    },
                    {
                        "name": "ModifiedDate",
                        "type": "datetime",
                        "precision": 23,
                        "scale": 3
                    }
                ],
                "typeProperties": {
                    "schema": "dbo",
                    "table": "customer_train"
                }
            },
            "dependsOn": []
        },
        {
            "name": "[concat(parameters('factoryName'), '/adls_storage_event_ds')]",
            "type": "Microsoft.DataFactory/factories/datasets",
            "apiVersion": "2018-06-01",
            "properties": {
                "linkedServiceName": {
                    "referenceName": "ls_adls_new",
                    "type": "LinkedServiceReference"
                },
                "annotations": [],
                "type": "DelimitedText",
                "typeProperties": {
                    "location": {
                        "type": "AzureBlobFSLocation",
                        "folderPath": "Storage_event_trigger",
                        "fileSystem": "landing"
                    },
                    "columnDelimiter": ",",
                    "escapeChar": "\\",
                    "firstRowAsHeader": true,
                    "quoteChar": "\""
                },
                "schema": [
                    {
                        "name": "Job Status",
                        "type": "String"
                    }
                ]
            },
            "dependsOn": []
        },
        {
            "name": "[concat(parameters('factoryName'), '/restAPI_DS_parquet_file')]",
            "type": "Microsoft.DataFactory/factories/datasets",
            "apiVersion": "2018-06-01",
            "properties": {
                "linkedServiceName": {
                    "referenceName": "ls_adls_new",
                    "type": "LinkedServiceReference"
                },
                "annotations": [],
                "type": "Parquet",
                "typeProperties": {
                    "location": {
                        "type": "AzureBlobFSLocation",
                        "fileName": ". parquet ",
                        "folderPath": "Assignment6",
                        "fileSystem": "landing"
                    },
                    "compressionCodec": "snappy"
                },
                "schema": []
            },
            "dependsOn": []
        },
        {
            "name": "[concat(parameters('factoryName'), '/adls_scd3_ds')]",
            "type": "Microsoft.DataFactory/factories/datasets",
            "apiVersion": "2018-06-01",
            "properties": {
                "linkedServiceName": {
                    "referenceName": "ls_adls_new",
                    "type": "LinkedServiceReference"
                },
                "annotations": [],
                "type": "DelimitedText",
                "typeProperties": {
                    "location": {
                        "type": "AzureBlobFSLocation",
                        "fileName": "scd_type3.txt",
                        "folderPath": "SCD",
                        "fileSystem": "landing"
                    },
                    "columnDelimiter": ",",
                    "escapeChar": "\\",
                    "firstRowAsHeader": true,
                    "quoteChar": "\""
                },
                "schema": [
                    {
                        "name": "id",
                        "type": "String"
                    },
                    {
                        "name": "name",
                        "type": "String"
                    },
                    {
                        "name": "prev_city",
                        "type": "String"
                    }
                ]
            },
            "dependsOn": []
        }
    ]
}