{
    "$schema": "http://schema.management.azure.com/schemas/2015-01-01/deploymentTemplate.json#",
    "contentVersion": "1.0.0.0",
    "parameters": {
        "factoryName": {
            "type": "string",
            "metadata": "Data Factory name",
            "defaultValue": "SangeethaTraining2024ADF"
        },
        "Sftp1_password": {
            "type": "secureString",
            "metadata": "Secure string for 'password' of 'Sftp1'"
        },
        "adls_ls1_accountKey": {
            "type": "secureString",
            "metadata": "Secure string for 'accountKey' of 'adls_ls1'"
        },
        "sql_db_ls_param_password": {
            "type": "secureString",
            "metadata": "Secure string for 'password' of 'sql_db_ls_param'"
        },
        "adls1_ls_accountKey": {
            "type": "secureString",
            "metadata": "Secure string for 'accountKey' of 'adls1_ls'"
        },
        "adls1_json_ls_accountKey": {
            "type": "secureString",
            "metadata": "Secure string for 'accountKey' of 'adls1_json_ls'"
        },
        "scd_sql_db_ls_password": {
            "type": "secureString",
            "metadata": "Secure string for 'password' of 'scd_sql_db_ls'"
        },
        "sql_db_password": {
            "type": "secureString",
            "metadata": "Secure string for 'password' of 'sql_db'"
        },
        "ls_adls_new_accountKey": {
            "type": "secureString",
            "metadata": "Secure string for 'accountKey' of 'ls_adls_new'"
        },
        "ls_SqlServer_onprim_password": {
            "type": "secureString",
            "metadata": "Secure string for 'password' of 'ls_SqlServer_onprim'"
        },
        "ls_json_new_accountKey": {
            "type": "secureString",
            "metadata": "Secure string for 'accountKey' of 'ls_json_new'"
        },
        "ls_sql_param_password": {
            "type": "secureString",
            "metadata": "Secure string for 'password' of 'ls_sql_param'"
        },
        "LS_ADLS_ASS_password": {
            "type": "secureString",
            "metadata": "Secure string for 'password' of 'LS_ADLS_ASS'"
        },
        "Schedule_Trigger_every1minutute_properties_ass7_two_triggers_pipeline_parameters_sql_table_name": {
            "type": "string",
            "defaultValue": "product"
        },
        "Schedule_Trigger_every1minutute_properties_ass7_two_triggers_pipeline_parameters_folder_name": {
            "type": "string",
            "defaultValue": "trigger_product"
        },
        "storage_event_trigger1_properties_typeProperties_scope": {
            "type": "string",
            "defaultValue": "/subscriptions/c5f5b22f-b46d-498a-b0a0-35c1ebdf17e7/resourceGroups/SangeethaTraining2024/providers/Microsoft.Storage/storageAccounts/sangeethatrain2024adls"
        },
        "Sftp1_properties_typeProperties_host": {
            "type": "string",
            "defaultValue": "test.rebex.net"
        },
        "Sftp1_properties_typeProperties_userName": {
            "type": "string",
            "defaultValue": "demo"
        },
        "adls_ls1_properties_typeProperties_url": {
            "type": "string",
            "defaultValue": "https://sangeethatrain2024adls.dfs.core.windows.net/"
        },
        "AzureKeyVault1_properties_typeProperties_baseUrl": {
            "type": "string",
            "defaultValue": "https://dbpassword3.vault.azure.net/"
        },
        "LS_AZURE_KV_properties_typeProperties_baseUrl": {
            "type": "string",
            "defaultValue": "https://dbpassword3.vault.azure.net/"
        },
        "sql_db_ls_param_properties_typeProperties_server": {
            "type": "string",
            "defaultValue": "azuretraining2024sqlserver.database.windows.net"
        },
        "sql_db_ls_param_properties_typeProperties_database": {
            "type": "string",
            "defaultValue": "@{linkedService().db_name}"
        },
        "sql_db_ls_param_properties_typeProperties_userName": {
            "type": "string",
            "defaultValue": "admin2024"
        },
        "sql_db1_ls_properties_typeProperties_server": {
            "type": "string",
            "defaultValue": "azuretraining2024sqlserver.database.windows.net"
        },
        "sql_db1_ls_properties_typeProperties_database": {
            "type": "string",
            "defaultValue": "azure_train2024"
        },
        "sql_db1_ls_properties_typeProperties_userName": {
            "type": "string",
            "defaultValue": "admin2024"
        },
        "LS_KV1_properties_typeProperties_server": {
            "type": "string",
            "defaultValue": "azuretraining2024sqlserver.database.windows.net"
        },
        "LS_KV1_properties_typeProperties_database": {
            "type": "string",
            "defaultValue": "azure_train2024"
        },
        "LS_KV1_properties_typeProperties_userName": {
            "type": "string",
            "defaultValue": "admin2024"
        },
        "adls1_ls_properties_typeProperties_url": {
            "type": "string",
            "defaultValue": "https://sangeetha042694adls.dfs.core.windows.net/"
        },
        "adls1_json_ls_properties_typeProperties_url": {
            "type": "string",
            "defaultValue": "https://sangeetha042694adls.dfs.core.windows.net/"
        },
        "scd_sql_db_ls_properties_typeProperties_server": {
            "type": "string",
            "defaultValue": "sangeethazuresqldb.database.windows.net"
        },
        "scd_sql_db_ls_properties_typeProperties_database": {
            "type": "string",
            "defaultValue": "azure_train2024sql"
        },
        "scd_sql_db_ls_properties_typeProperties_userName": {
            "type": "string",
            "defaultValue": "admin2024"
        },
        "sql_db_properties_typeProperties_server": {
            "type": "string",
            "defaultValue": "sangeethazuresqldb.database.windows.net"
        },
        "sql_db_properties_typeProperties_database": {
            "type": "string",
            "defaultValue": "azure_train2024sql"
        },
        "sql_db_properties_typeProperties_userName": {
            "type": "string",
            "defaultValue": "admin2024"
        },
        "Rest_ls_properties_typeProperties_url": {
            "type": "string",
            "defaultValue": "https://restcountries.com/v3.1/all"
        },
        "rest_ls_param_properties_typeProperties_url": {
            "type": "string",
            "defaultValue": "https://restcountries.com/v3.1/name"
        },
        "ls_adls_new_properties_typeProperties_url": {
            "type": "string",
            "defaultValue": "https://sangeethatrain2024adls.dfs.core.windows.net/"
        },
        "ls_SqlServer_onprim_properties_typeProperties_server": {
            "type": "string",
            "defaultValue": "DESKTOP-015FQ1D\\SQLEXPRESS"
        },
        "ls_SqlServer_onprim_properties_typeProperties_database": {
            "type": "string",
            "defaultValue": "Test_Db"
        },
        "ls_SqlServer_onprim_properties_typeProperties_userName": {
            "type": "string",
            "defaultValue": "adfuser4"
        },
        "ls_json_new_properties_typeProperties_url": {
            "type": "string",
            "defaultValue": "https://sangeethatrain2024adls.dfs.core.windows.net/"
        },
        "ls_rest_new_properties_typeProperties_url": {
            "type": "string",
            "defaultValue": "https://restcountries.com/v3.1/name/"
        },
        "ls_sql_param_properties_typeProperties_server": {
            "type": "string",
            "defaultValue": "sangeethazuresqldb.database.windows.net"
        },
        "ls_sql_param_properties_typeProperties_database": {
            "type": "string",
            "defaultValue": "azure_train2024sql"
        },
        "ls_sql_param_properties_typeProperties_userName": {
            "type": "string",
            "defaultValue": "admin2024"
        },
        "LS_ADLS_ASS_properties_typeProperties_server": {
            "type": "string",
            "defaultValue": "sangeethazuresqldb.database.windows.net"
        },
        "LS_ADLS_ASS_properties_typeProperties_database": {
            "type": "string",
            "defaultValue": "azure_train2024sql"
        },
        "LS_ADLS_ASS_properties_typeProperties_userName": {
            "type": "string",
            "defaultValue": "admin2024"
        },
        "containerUri": {
            "type": "string",
            "metadata": "URI to storage account containing linked ARM templates"
        },
        "containerSasToken": {
            "type": "string",
            "metadata": "Sas token to storage account containing linked ARM templates"
        }
    },
    "variables": {
        "factoryId": "[concat('Microsoft.DataFactory/factories/', parameters('factoryName'))]"
    },
    "resources": [
        {
            "name": "SangeethaTraining2024ADF_ArmTemplate_0",
            "type": "Microsoft.Resources/deployments",
            "apiVersion": "2024-03-01",
            "properties": {
                "mode": "incremental",
                "templateLink": {
                    "uri": "[concat(parameters('containerUri'), '/ArmTemplate_0.json', parameters('containerSasToken'))]",
                    "contentVersion": "1.0.0.0"
                },
                "parameters": {
                    "factoryName": {
                        "value": "[parameters('factoryName')]"
                    },
                    "Sftp1_password": {
                        "value": "[parameters('Sftp1_password')]"
                    },
                    "adls_ls1_accountKey": {
                        "value": "[parameters('adls_ls1_accountKey')]"
                    },
                    "sql_db_ls_param_password": {
                        "value": "[parameters('sql_db_ls_param_password')]"
                    },
                    "adls1_ls_accountKey": {
                        "value": "[parameters('adls1_ls_accountKey')]"
                    },
                    "adls1_json_ls_accountKey": {
                        "value": "[parameters('adls1_json_ls_accountKey')]"
                    },
                    "scd_sql_db_ls_password": {
                        "value": "[parameters('scd_sql_db_ls_password')]"
                    },
                    "sql_db_password": {
                        "value": "[parameters('sql_db_password')]"
                    },
                    "ls_adls_new_accountKey": {
                        "value": "[parameters('ls_adls_new_accountKey')]"
                    },
                    "ls_json_new_accountKey": {
                        "value": "[parameters('ls_json_new_accountKey')]"
                    },
                    "ls_sql_param_password": {
                        "value": "[parameters('ls_sql_param_password')]"
                    },
                    "LS_ADLS_ASS_password": {
                        "value": "[parameters('LS_ADLS_ASS_password')]"
                    },
                    "Sftp1_properties_typeProperties_host": {
                        "value": "[parameters('Sftp1_properties_typeProperties_host')]"
                    },
                    "Sftp1_properties_typeProperties_userName": {
                        "value": "[parameters('Sftp1_properties_typeProperties_userName')]"
                    },
                    "adls_ls1_properties_typeProperties_url": {
                        "value": "[parameters('adls_ls1_properties_typeProperties_url')]"
                    },
                    "AzureKeyVault1_properties_typeProperties_baseUrl": {
                        "value": "[parameters('AzureKeyVault1_properties_typeProperties_baseUrl')]"
                    },
                    "LS_AZURE_KV_properties_typeProperties_baseUrl": {
                        "value": "[parameters('LS_AZURE_KV_properties_typeProperties_baseUrl')]"
                    },
                    "sql_db_ls_param_properties_typeProperties_server": {
                        "value": "[parameters('sql_db_ls_param_properties_typeProperties_server')]"
                    },
                    "sql_db_ls_param_properties_typeProperties_database": {
                        "value": "[parameters('sql_db_ls_param_properties_typeProperties_database')]"
                    },
                    "sql_db_ls_param_properties_typeProperties_userName": {
                        "value": "[parameters('sql_db_ls_param_properties_typeProperties_userName')]"
                    },
                    "adls1_ls_properties_typeProperties_url": {
                        "value": "[parameters('adls1_ls_properties_typeProperties_url')]"
                    },
                    "adls1_json_ls_properties_typeProperties_url": {
                        "value": "[parameters('adls1_json_ls_properties_typeProperties_url')]"
                    },
                    "scd_sql_db_ls_properties_typeProperties_server": {
                        "value": "[parameters('scd_sql_db_ls_properties_typeProperties_server')]"
                    },
                    "scd_sql_db_ls_properties_typeProperties_database": {
                        "value": "[parameters('scd_sql_db_ls_properties_typeProperties_database')]"
                    },
                    "scd_sql_db_ls_properties_typeProperties_userName": {
                        "value": "[parameters('scd_sql_db_ls_properties_typeProperties_userName')]"
                    },
                    "sql_db_properties_typeProperties_server": {
                        "value": "[parameters('sql_db_properties_typeProperties_server')]"
                    },
                    "sql_db_properties_typeProperties_database": {
                        "value": "[parameters('sql_db_properties_typeProperties_database')]"
                    },
                    "sql_db_properties_typeProperties_userName": {
                        "value": "[parameters('sql_db_properties_typeProperties_userName')]"
                    },
                    "Rest_ls_properties_typeProperties_url": {
                        "value": "[parameters('Rest_ls_properties_typeProperties_url')]"
                    },
                    "rest_ls_param_properties_typeProperties_url": {
                        "value": "[parameters('rest_ls_param_properties_typeProperties_url')]"
                    },
                    "ls_adls_new_properties_typeProperties_url": {
                        "value": "[parameters('ls_adls_new_properties_typeProperties_url')]"
                    },
                    "ls_json_new_properties_typeProperties_url": {
                        "value": "[parameters('ls_json_new_properties_typeProperties_url')]"
                    },
                    "ls_rest_new_properties_typeProperties_url": {
                        "value": "[parameters('ls_rest_new_properties_typeProperties_url')]"
                    },
                    "ls_sql_param_properties_typeProperties_server": {
                        "value": "[parameters('ls_sql_param_properties_typeProperties_server')]"
                    },
                    "ls_sql_param_properties_typeProperties_database": {
                        "value": "[parameters('ls_sql_param_properties_typeProperties_database')]"
                    },
                    "ls_sql_param_properties_typeProperties_userName": {
                        "value": "[parameters('ls_sql_param_properties_typeProperties_userName')]"
                    },
                    "LS_ADLS_ASS_properties_typeProperties_server": {
                        "value": "[parameters('LS_ADLS_ASS_properties_typeProperties_server')]"
                    },
                    "LS_ADLS_ASS_properties_typeProperties_database": {
                        "value": "[parameters('LS_ADLS_ASS_properties_typeProperties_database')]"
                    },
                    "LS_ADLS_ASS_properties_typeProperties_userName": {
                        "value": "[parameters('LS_ADLS_ASS_properties_typeProperties_userName')]"
                    }
                }
            },
            "dependsOn": []
        },
        {
            "name": "SangeethaTraining2024ADF_ArmTemplate_1",
            "type": "Microsoft.Resources/deployments",
            "apiVersion": "2024-03-01",
            "properties": {
                "mode": "incremental",
                "templateLink": {
                    "uri": "[concat(parameters('containerUri'), '/ArmTemplate_1.json', parameters('containerSasToken'))]",
                    "contentVersion": "1.0.0.0"
                },
                "parameters": {
                    "factoryName": {
                        "value": "[parameters('factoryName')]"
                    },
                    "ls_SqlServer_onprim_password": {
                        "value": "[parameters('ls_SqlServer_onprim_password')]"
                    },
                    "sql_db1_ls_properties_typeProperties_server": {
                        "value": "[parameters('sql_db1_ls_properties_typeProperties_server')]"
                    },
                    "sql_db1_ls_properties_typeProperties_database": {
                        "value": "[parameters('sql_db1_ls_properties_typeProperties_database')]"
                    },
                    "sql_db1_ls_properties_typeProperties_userName": {
                        "value": "[parameters('sql_db1_ls_properties_typeProperties_userName')]"
                    },
                    "LS_KV1_properties_typeProperties_server": {
                        "value": "[parameters('LS_KV1_properties_typeProperties_server')]"
                    },
                    "LS_KV1_properties_typeProperties_database": {
                        "value": "[parameters('LS_KV1_properties_typeProperties_database')]"
                    },
                    "LS_KV1_properties_typeProperties_userName": {
                        "value": "[parameters('LS_KV1_properties_typeProperties_userName')]"
                    },
                    "ls_SqlServer_onprim_properties_typeProperties_server": {
                        "value": "[parameters('ls_SqlServer_onprim_properties_typeProperties_server')]"
                    },
                    "ls_SqlServer_onprim_properties_typeProperties_database": {
                        "value": "[parameters('ls_SqlServer_onprim_properties_typeProperties_database')]"
                    },
                    "ls_SqlServer_onprim_properties_typeProperties_userName": {
                        "value": "[parameters('ls_SqlServer_onprim_properties_typeProperties_userName')]"
                    }
                }
            },
            "dependsOn": [
                "[resourceId('Microsoft.Resources/deployments', 'SangeethaTraining2024ADF_ArmTemplate_0')]"
            ]
        },
        {
            "name": "SangeethaTraining2024ADF_ArmTemplate_2",
            "type": "Microsoft.Resources/deployments",
            "apiVersion": "2024-03-01",
            "properties": {
                "mode": "incremental",
                "templateLink": {
                    "uri": "[concat(parameters('containerUri'), '/ArmTemplate_2.json', parameters('containerSasToken'))]",
                    "contentVersion": "1.0.0.0"
                },
                "parameters": {
                    "factoryName": {
                        "value": "[parameters('factoryName')]"
                    }
                }
            },
            "dependsOn": [
                "[resourceId('Microsoft.Resources/deployments', 'SangeethaTraining2024ADF_ArmTemplate_1')]"
            ]
        },
        {
            "name": "SangeethaTraining2024ADF_ArmTemplate_3",
            "type": "Microsoft.Resources/deployments",
            "apiVersion": "2024-03-01",
            "properties": {
                "mode": "incremental",
                "templateLink": {
                    "uri": "[concat(parameters('containerUri'), '/ArmTemplate_3.json', parameters('containerSasToken'))]",
                    "contentVersion": "1.0.0.0"
                },
                "parameters": {
                    "factoryName": {
                        "value": "[parameters('factoryName')]"
                    }
                }
            },
            "dependsOn": [
                "[resourceId('Microsoft.Resources/deployments', 'SangeethaTraining2024ADF_ArmTemplate_2')]"
            ]
        },
        {
            "name": "SangeethaTraining2024ADF_ArmTemplate_4",
            "type": "Microsoft.Resources/deployments",
            "apiVersion": "2024-03-01",
            "properties": {
                "mode": "incremental",
                "templateLink": {
                    "uri": "[concat(parameters('containerUri'), '/ArmTemplate_4.json', parameters('containerSasToken'))]",
                    "contentVersion": "1.0.0.0"
                },
                "parameters": {
                    "factoryName": {
                        "value": "[parameters('factoryName')]"
                    }
                }
            },
            "dependsOn": [
                "[resourceId('Microsoft.Resources/deployments', 'SangeethaTraining2024ADF_ArmTemplate_3')]"
            ]
        },
        {
            "name": "SangeethaTraining2024ADF_ArmTemplate_5",
            "type": "Microsoft.Resources/deployments",
            "apiVersion": "2024-03-01",
            "properties": {
                "mode": "incremental",
                "templateLink": {
                    "uri": "[concat(parameters('containerUri'), '/ArmTemplate_5.json', parameters('containerSasToken'))]",
                    "contentVersion": "1.0.0.0"
                },
                "parameters": {
                    "factoryName": {
                        "value": "[parameters('factoryName')]"
                    }
                }
            },
            "dependsOn": [
                "[resourceId('Microsoft.Resources/deployments', 'SangeethaTraining2024ADF_ArmTemplate_4')]"
            ]
        },
        {
            "name": "SangeethaTraining2024ADF_ArmTemplate_6",
            "type": "Microsoft.Resources/deployments",
            "apiVersion": "2024-03-01",
            "properties": {
                "mode": "incremental",
                "templateLink": {
                    "uri": "[concat(parameters('containerUri'), '/ArmTemplate_6.json', parameters('containerSasToken'))]",
                    "contentVersion": "1.0.0.0"
                },
                "parameters": {
                    "factoryName": {
                        "value": "[parameters('factoryName')]"
                    }
                }
            },
            "dependsOn": [
                "[resourceId('Microsoft.Resources/deployments', 'SangeethaTraining2024ADF_ArmTemplate_5')]"
            ]
        },
        {
            "name": "SangeethaTraining2024ADF_ArmTemplate_7",
            "type": "Microsoft.Resources/deployments",
            "apiVersion": "2024-03-01",
            "properties": {
                "mode": "incremental",
                "templateLink": {
                    "uri": "[concat(parameters('containerUri'), '/ArmTemplate_7.json', parameters('containerSasToken'))]",
                    "contentVersion": "1.0.0.0"
                },
                "parameters": {
                    "factoryName": {
                        "value": "[parameters('factoryName')]"
                    },
                    "storage_event_trigger1_properties_typeProperties_scope": {
                        "value": "[parameters('storage_event_trigger1_properties_typeProperties_scope')]"
                    }
                }
            },
            "dependsOn": [
                "[resourceId('Microsoft.Resources/deployments', 'SangeethaTraining2024ADF_ArmTemplate_6')]"
            ]
        },
        {
            "name": "SangeethaTraining2024ADF_ArmTemplate_8",
            "type": "Microsoft.Resources/deployments",
            "apiVersion": "2024-03-01",
            "properties": {
                "mode": "incremental",
                "templateLink": {
                    "uri": "[concat(parameters('containerUri'), '/ArmTemplate_8.json', parameters('containerSasToken'))]",
                    "contentVersion": "1.0.0.0"
                },
                "parameters": {
                    "factoryName": {
                        "value": "[parameters('factoryName')]"
                    }
                }
            },
            "dependsOn": [
                "[resourceId('Microsoft.Resources/deployments', 'SangeethaTraining2024ADF_ArmTemplate_7')]"
            ]
        },
        {
            "name": "SangeethaTraining2024ADF_ArmTemplate_9",
            "type": "Microsoft.Resources/deployments",
            "apiVersion": "2024-03-01",
            "properties": {
                "mode": "incremental",
                "templateLink": {
                    "uri": "[concat(parameters('containerUri'), '/ArmTemplate_9.json', parameters('containerSasToken'))]",
                    "contentVersion": "1.0.0.0"
                },
                "parameters": {
                    "factoryName": {
                        "value": "[parameters('factoryName')]"
                    },
                    "Schedule_Trigger_every1minutute_properties_ass7_two_triggers_pipeline_parameters_sql_table_name": {
                        "value": "[parameters('Schedule_Trigger_every1minutute_properties_ass7_two_triggers_pipeline_parameters_sql_table_name')]"
                    },
                    "Schedule_Trigger_every1minutute_properties_ass7_two_triggers_pipeline_parameters_folder_name": {
                        "value": "[parameters('Schedule_Trigger_every1minutute_properties_ass7_two_triggers_pipeline_parameters_folder_name')]"
                    }
                }
            },
            "dependsOn": [
                "[resourceId('Microsoft.Resources/deployments', 'SangeethaTraining2024ADF_ArmTemplate_8')]"
            ]
        },
        {
            "name": "SangeethaTraining2024ADF_ArmTemplate_10",
            "type": "Microsoft.Resources/deployments",
            "apiVersion": "2024-03-01",
            "properties": {
                "mode": "incremental",
                "templateLink": {
                    "uri": "[concat(parameters('containerUri'), '/ArmTemplate_10.json', parameters('containerSasToken'))]",
                    "contentVersion": "1.0.0.0"
                },
                "parameters": {
                    "factoryName": {
                        "value": "[parameters('factoryName')]"
                    }
                }
            },
            "dependsOn": [
                "[resourceId('Microsoft.Resources/deployments', 'SangeethaTraining2024ADF_ArmTemplate_9')]"
            ]
        }
    ]
}